"","Effect_Size","Mean_Estimate","CI_Lower","CI_Upper","PI_Lower","PI_Upper"
"(Intercept)",0.000517372456105327,-0.000517372456105327,-0.00367740288233316,0.00264265797012251,-0.481738882388078,0.480881944343856
"taxnovelTRUE",0.0455156044974,-0.0460329769535053,-0.0757234340802421,-0.0163425198267686,-0.481950313542993,0.480673059122539
"bin.lagS",0.000239228392673468,-0.000239228392673468,-0.00338255985347647,0.00290410306812953,-0.481738882388078,0.480881944343856
