"","Effect_Size","Mean_Estimate","CI_Lower","CI_Upper","PI_Lower","PI_Upper"
"(Intercept)",0.00039745627942316,0.00039745627942316,-0.00147032253108855,0.00226523508993487,-0.283942779511464,0.285027306284013
"taxnovelTRUE",0.00301089379048836,0.00340835006991152,-0.0141405970020706,0.0209572971418936,-0.284285840393998,0.284685750210036
"bin.lagS",0.000389658417716543,-0.000389658417716543,-0.00224756707839707,0.00146825024296398,-0.283942779511464,0.285027306284013
