"","Effect_Size","Mean_Estimate","CI_Lower","CI_Upper","PI_Lower","PI_Upper"
"(Intercept)",3.06970701878608,-3.06970701878608,-3.0885418529471,-3.05087218462506,-5.88882051344316,-0.316049147863371
"taxnovelTRUE",1.1740048696958,-1.89570214909028,-2.0676501770648,-1.72375412111576,-5.81146371090969,-0.238675872288501
"bin.lagS",0.088066585023058,0.088066585023058,0.0690753122281497,0.107057857817966,-5.88882051344316,-0.316049147863371
