"","Effect_Size","Mean_Estimate","CI_Lower","CI_Upper","PI_Lower","PI_Upper"
"(Intercept)",3.06262117247158,-3.06262117247158,-3.08145031798676,-3.0437920269564,-5.89001245643566,-0.304494667350634
"trophnovelTRUE",1.01643024153329,-2.04619093093828,-2.27277814888105,-1.81960371299552,-5.80815294197494,-0.222619669341535
"bin.lagS",0.093191572963186,0.093191572963186,0.0741625933706157,0.112220552555756,-5.89001245643566,-0.304494667350634
