"","Effect_Size","Mean_Estimate","CI_Lower","CI_Upper","PI_Lower","PI_Upper"
"(Intercept)",0.000243995758971809,-0.000243995758971809,-0.0021041621162098,0.00161617059826619,-0.284165457909182,0.283866155964054
"trophnovelTRUE",0.10360737501418,0.103363379255208,0.0803247259363826,0.126402032574033,-0.284389184907056,0.283643841038037
"bin.lagS",0.000253870414171788,-0.000253870414171788,-0.00210821509105296,0.00160047426270939,-0.284165457909182,0.283866155964054
