"","Effect_Size","Mean_Estimate","CI_Lower","CI_Upper","PI_Lower","PI_Upper"
"(Intercept)",6.91375544165711e-07,6.91375544165711e-07,-0.00314800550154097,0.00314938825262931,-0.480541032230682,0.480964029791818
"trophnovelTRUE",0.158581702889753,-0.158581011514209,-0.197578456809877,-0.11958356621854,-0.4810405534435,0.480466898787936
"bin.lagS",0.000567257240825524,-0.000567257240825524,-0.00370609978058885,0.0025715852989378,-0.480541032230682,0.480964029791818
