"","Effect_Size","Mean_Estimate","CI_Lower","CI_Upper","PI_Lower","PI_Upper"
"(Intercept)",2.23808840093661,-2.23808840093661,-2.25677079653826,-2.21940600533495,-5.14703966093376,0.617208597330678
"funcnovelTRUE",0.807776332873832,-1.43031206806277,-1.67907747417821,-1.18154666194734,-5.14703966093376,0.617208597330678
"bin.lagS",0.0737533069047488,0.0737533069047488,0.0548596591263598,0.0926469546831377,-5.14703966093376,0.617208597330678
