"","Effect_Size","Mean_Estimate","CI_Lower","CI_Upper","PI_Lower","PI_Upper"
"(Intercept)",0.000277357218800499,-0.000277357218800499,-0.00419151786462721,0.00363680342702621,-0.620248135690539,0.62029052387609
"funcnovelTRUE",0.293619910376157,-0.293897267594957,-0.347426722974495,-0.24036781221542,-0.620248135690539,0.62029052387609
"bin.lagS",0.00082077903225331,-0.00082077903225331,-0.00472476040306409,0.00308320233855747,-0.620248135690539,0.62029052387609
