"","Effect_Size","Mean_Estimate","CI_Lower","CI_Upper","PI_Lower","PI_Upper"
"(Intercept)",0.00467921636476396,-0.00467921636476396,-0.00856099583658692,-0.000797436892940995,-0.619466462347464,0.610809435460363
"funcnovelTRUE",0.0591443527105578,-0.0638235690753218,-0.116910184529314,-0.0107369536213301,-0.619466462347464,0.610809435460363
"bin.lagS",0.000964154546039617,-0.000964154546039617,-0.00483583895422818,0.00290752986214894,-0.619466462347464,0.610809435460363
