"","Effect_Size","Mean_Estimate","CI_Lower","CI_Upper","PI_Lower","PI_Upper"
"(Intercept)",0.00432489900654704,-0.00432489900654704,-0.00821850014657174,-0.000431297866522346,-0.619137652429754,0.611014712424521
"taxnovelTRUE",0.0579780261694161,-0.0623029251759632,-0.0985243936836011,-0.0260814566683253,-0.619137652429754,0.611014712424521
"bin.lagS",0.000724220576263624,-0.000724220576263624,-0.00459718571952324,0.003148744566996,-0.619137652429754,0.611014712424521
