"","Effect_Size","Mean_Estimate","CI_Lower","CI_Upper","PI_Lower","PI_Upper"
"(Intercept)",0.000964074598670532,-0.000964074598670532,-0.00489822613471032,0.00297007693736926,-0.62232374572579,0.620640194777816
"taxnovelTRUE",0.0763760990704874,-0.0773401736691579,-0.113938875190505,-0.0407414721478109,-0.62232374572579,0.620640194777816
"bin.lagS",0.000336225477199928,-0.000336225477199928,-0.00424952610030555,0.0035770751459057,-0.62232374572579,0.620640194777816
