"","Effect_Size","Mean_Estimate","CI_Lower","CI_Upper","PI_Lower","PI_Upper"
"(Intercept)",2.24926243355712,-2.24926243355712,-2.26793616988621,-2.23058869722802,-5.145355695829,0.597090729669068
"taxnovelTRUE",1.28831210682089,-0.960950326736223,-1.1300975028241,-0.791803150648349,-5.145355695829,0.597090729669068
"bin.lagS",0.0683728872994145,0.0683728872994145,0.0495416952248255,0.0872040793740035,-5.145355695829,0.597090729669068
