"","Effect_Size","Mean_Estimate","CI_Lower","CI_Upper","PI_Lower","PI_Upper"
"(Intercept)",1.57969482796299,-1.57969482796299,-1.59690049035794,-1.56248916556804,-4.13242227678931,0.90036022625558
"funcnovelTRUE",0.692010300330431,-0.887684527632556,-1.13744885697407,-0.637920198291047,-4.04878189172738,0.984012471925026
"bin.lagS",0.096950969528876,0.096950969528876,0.0795582755122506,0.114343663545501,-4.13242227678931,0.90036022625558
