"","Effect_Size","Mean_Estimate","CI_Lower","CI_Upper","PI_Lower","PI_Upper"
"(Intercept)",0.00119713174941069,-0.00119713174941069,-0.00340117921914725,0.00100691572032586,-0.331579748846787,0.332305208203446
"funcnovelTRUE",0.169151520121073,0.167954388371663,0.135012005903485,0.20089677083984,-0.335171268357139,0.328715092287264
"bin.lagS",0.0041619676513025,-0.0041619676513025,-0.00636126935912835,-0.00196266594347665,-0.331579748846787,0.332305208203446
