"","Effect_Size","Mean_Estimate","CI_Lower","CI_Upper","PI_Lower","PI_Upper"
"(Intercept)",0.000173275797738632,-0.000173275797738632,-0.00144165745864857,0.00109510586317131,-0.19090229039093,0.191056559558801
"funcnovelTRUE",0.0691661160143106,-0.0693393918120493,-0.0873499404344689,-0.0513288431896296,-0.191479143494237,0.190480517900932
"bin.lagS",0.000668136213604304,-0.000668136213604304,-0.00193342758123587,0.000597155154027262,-0.19090229039093,0.191056559558801
