"","Effect_Size","Mean_Estimate","CI_Lower","CI_Upper","PI_Lower","PI_Upper"
"(Intercept)",0.000450984118691372,0.000450984118691372,-0.00442744213406114,0.00532941037144388,-0.732876644889315,0.736206469832753
"funcnovelTRUE",0.0101330079547849,-0.00968202383609357,-0.0789538652178545,0.0595898175456673,-0.735672681442815,0.7334135542458
"bin.lagS",0.00323896113234882,-0.00323896113234882,-0.00810550155584147,0.00162757929114382,-0.732876644889315,0.736206469832753
