"","Effect_Size","Mean_Estimate","CI_Lower","CI_Upper","PI_Lower","PI_Upper"
"(Intercept)",0.00517883879917319,-0.00517883879917319,-0.0127584008825388,0.00240072328419241,-1.14627482525899,1.13677820207722
"funcnovelTRUE",0.517115748219357,0.511936909420183,0.398650405150213,0.625223413690154,-1.14726831693368,1.13578953726279
"bin.lagS",0.00114871762455177,-0.00114871762455177,-0.00871195937111476,0.00641452412201122,-1.14627482525899,1.13677820207722
