"","Effect_Size","Mean_Estimate","CI_Lower","CI_Upper","PI_Lower","PI_Upper"
"(Intercept)",2.0005165045323,-2.0005165045323,-2.01783445766972,-1.98319855139489,-4.56025896328067,0.504065589402793
"funcnovelTRUE",0.636277733568022,-1.36423877096428,-1.60307319340144,-1.12540434852713,-4.496775085371,0.567561462078223
"bin.lagS",0.0735884771250212,0.0735884771250212,0.0560875605187964,0.091089393731246,-4.56025896328067,0.504065589402793
