"","Effect_Size","Mean_Estimate","CI_Lower","CI_Upper","PI_Lower","PI_Upper"
"(Intercept)",0.00038721894431208,-0.00038721894431208,-0.00166096504072784,0.000886527152103683,-0.191363902480791,0.191039650337393
"taxnovelTRUE",0.0117191410407737,-0.0121063599850858,-0.0242461275327829,3.34075626112584e-05,-0.191882499568062,0.190521915017523
"bin.lagS",0.00060058492228391,-0.00060058492228391,-0.0018677865559311,0.000666616711363278,-0.191363902480791,0.191039650337393
