"","Effect_Size","Mean_Estimate","CI_Lower","CI_Upper","PI_Lower","PI_Upper"
"(Intercept)",0.00365459181547907,-0.00365459181547907,-0.0112719242058321,0.00396274057487401,-1.14643488745504,1.14043765116528
"taxnovelTRUE",0.0717883955731915,0.0681338037577124,-0.00446515832165485,0.14073276583708,-1.14794752266686,1.13893016954629
"bin.lagS",0.00175024598249183,-0.00175024598249183,-0.00932844078619023,0.00582794882120657,-1.14643488745504,1.14043765116528
