"","Effect_Size","Mean_Estimate","CI_Lower","CI_Upper","PI_Lower","PI_Upper"
"(Intercept)",1.59045524309046,-1.59045524309046,-1.6076457019643,-1.57326478421663,-4.13054743358353,0.880193958010812
"taxnovelTRUE",1.20202373920336,-0.3884315038871,-0.547561271152941,-0.22930173662126,-4.05062448953828,0.960129519301851
"bin.lagS",0.0926426765604281,0.0926426765604281,0.0753203324622666,0.10996502065859,-4.13054743358353,0.880193958010812
