"","Effect_Size","Mean_Estimate","CI_Lower","CI_Upper","PI_Lower","PI_Upper"
"(Intercept)",0.000216110129875644,-0.000216110129875644,-0.00510888626469996,0.00467666600494867,-0.733398155111595,0.73550917450908
"taxnovelTRUE",0.0559895552438707,0.0557734451139951,0.00914157310525908,0.102405317122731,-0.736327092708183,0.732583547175809
"bin.lagS",0.00339289150776116,-0.00339289150776116,-0.00826052873041182,0.0014747457148895,-0.733398155111596,0.73550917450908
