"","Effect_Size","Mean_Estimate","CI_Lower","CI_Upper","PI_Lower","PI_Upper"
"(Intercept)",0.00181199959967115,-0.00181199959967115,-0.00402173448851858,0.000397735289176272,-0.331773726330311,0.331632014153882
"taxnovelTRUE",0.124549758106906,0.122737758507235,0.101677307002708,0.143798210011761,-0.335782604852512,0.327624630652941
"bin.lagS",0.00464565816045449,-0.00464565816045449,-0.00684403950894629,-0.0024472768119627,-0.331773726330311,0.331632014153882
