"","Effect_Size","Mean_Estimate","CI_Lower","CI_Upper","PI_Lower","PI_Upper"
"(Intercept)",2.01183971823274,-2.01183971823274,-2.02913018632637,-1.9945492501391,-4.55777771527765,0.48211475022652
"taxnovelTRUE",1.25545616991221,-0.75638354832053,-0.916439087492021,-0.596328009149038,-4.49795074082022,0.541954415333308
"bin.lagS",0.0693503155237188,0.0693503155237188,0.0519271949348879,0.0867734361125498,-4.55777771527765,0.48211475022652
